20019001,1,Jimmy Parker,174094882455171000,0,20 Thackeray Point,jparker0@nsw.gov.au,1,Jimmy,Rachel,6
20019002,5,Kenneth Allen,761423221685761000,1,46745 Burrows Street,kallen1@homestead.com,1,Kenneth,Nicole,6
20019003,1,Brian James,795431233411387000,0,6 Lakeland Trail,bjames2@opensource.org,0,Brian,Tammy,6
20019004,7,Paul Henderson,793198650286024000,0,1 Sunfield Parkway,phenderson3@deviantart.com,0,Paul,Shirley,6
20019005,3,Joe Fisher,90061389344606600,0,7769 Dryden Crossing,jfisher4@1und1.de,1,Joe,Denise,6
20019006,7,Steve Turner,496378829135984000,1,314 Sloan Pass,sturner5@4shared.com,0,Steve,Dorothy,6
20019007,6,Jerry Jacobs,361542097372601000,1,3530 Mayfield Street,jjacobs6@cdbaby.com,0,Jerry,Lillian,6
20019008,6,David Gonzales,541200146071777000,1,7489 Bunting Trail,dgonzales7@topsy.com,0,David,Judith,6
20019009,9,Peter Tucker,599818266038012000,1,4 Moland Park,ptucker8@liveinternet.ru,0,Peter,Dorothy,6
20019010,4,Charles Green,478351201640618000,1,68 Gale Alley,cgreen9@ihg.com,0,Charles,Brenda,6
20019011,3,Brandon Bishop,143988087783837000,0,066 Redwing Trail,bbishopa@de.vu,1,Brandon,Julia,6
20019012,1,Christopher Bishop,349651099683484000,0,9137 Sunnyside Avenue,cbishopb@spiegel.de,1,Christopher,Julia,6
20019013,6,Roger Watkins,553337438088068000,1,20091 Petterle Avenue,rwatkinsc@360.cn,1,Roger,Bonnie,6
20019014,1,Timothy Morales,972282890781586000,0,905 Onsgard Terrace,tmoralesd@mapquest.com,1,Timothy,Sharon,6
20019015,7,Gregory Dunn,258626539246182000,0,7 Bluestem Way,gdunne@liveinternet.ru,1,Gregory,Heather,6
20038016,2,Steven Banks,762952003918195000,1,4853 Pepper Wood Court,sbanksf@g.co,1,Steven,Sharon,6
20038017,9,Eric Patterson,258677229419698000,1,1876 Sheridan Plaza,epattersong@salon.com,1,Eric,Judith,6
20038018,1,Aaron Austin,491250839396799000,0,0 Lighthouse Bay Park,aaustinh@comcast.net,0,Aaron,Norma,6
20038019,1,Raymond Ray,357665825441616000,0,7 Mayer Center,rrayi@geocities.jp,1,Raymond,Kathy,6
20038020,8,Roy Torres,532825361862146000,0,39 Northridge Trail,rtorresj@hexun.com,0,Roy,Nicole,6
20038021,9,Jason Peters,503649293440596000,1,9411 Merchant Street,jpetersk@smh.com.au,1,Jason,Robin,6
20038022,4,Dennis Bell,887581257444442000,0,64274 Michigan Pass,dbelll@usatoday.com,0,Dennis,Sarah,6
20038023,3,Clarence Kelley,778730382520372000,0,1534 Moland Drive,ckelleym@bandcamp.com,0,Clarence,Teresa,6
20038024,8,Phillip Montgomery,343211325351222000,1,3 Vidon Trail,pmontgomeryn@over-blog.com,1,Phillip,Martha,6
20058025,8,Billy Robinson,703400531067500000,0,71503 Lerdahl Junction,brobinsono@shareasale.com,0,Billy,Sandra,6
20058026,2,Antonio Day,956482168314849000,1,029 Johnson Lane,adayp@washingtonpost.com,0,Antonio,Jane,6
20058027,9,Michael Hudson,60705673849265700,0,587 Annamark Terrace,mhudsonq@mysql.com,1,Michael,Cynthia,6
20058028,7,Randy Johnson,579830223671554000,0,6598 Lighthouse Bay Parkway,rjohnsonr@themeforest.net,0,Randy,Andrea,6
20058029,1,Mark Porter,61117300483012900,0,55 Bunting Avenue,mporters@phpbb.com,0,Mark,Barbara,6
20058030,8,Jack Ward,885770893074783000,1,44 Warner Alley,jwardt@com.com,1,Jack,Karen,6
20058031,6,Aaron Thomas,83450145620356600,1,2 Sauthoff Junction,athomasu@chicagotribune.com,1,Aaron,Paula,6
20058032,5,Stephen Olson,677191627276513000,0,2247 Pepper Wood Terrace,solsonv@fc2.com,0,Stephen,Debra,6
20058033,9,Roy White,926532444279237000,0,11785 Brown Park,rwhitew@wunderground.com,1,Roy,Shirley,6
20058034,8,John Robertson,785832411595106000,1,6 Saint Paul Street,jrobertsonx@gmpg.org,0,John,Debra,6
20058035,3,Gary Burton,89134746365281000,1,74 Sommers Drive,gburtony@rediff.com,1,Gary,Kathleen,6
20058036,1,Arthur Coleman,552217482363035000,0,180 Riverside Center,acolemanz@google.de,0,Arthur,Louise,6
20058037,5,Jack Perkins,722591085079053000,1,9603 Helena Court,jperkins10@sina.com.cn,1,Jack,Jane,6
20074038,4,Philip Rogers,485925413958279000,0,53 Roth Way,progers11@histats.com,1,Philip,Doris,6
20074039,7,Steve Hamilton,719034175332412000,1,5390 Cody Alley,shamilton12@bizjournals.com,1,Steve,Dorothy,6
20074040,4,Alan George,745680774313630000,1,71420 Granby Way,ageorge13@sohu.com,0,Alan,Ashley,6
20074041,3,Charles Romero,429314820559328000,1,5 Monica Hill,cromero14@vimeo.com,1,Charles,Sandra,6
20074042,2,Todd Mccoy,143552689295945000,1,0 Weeping Birch Park,tmccoy15@51.la,1,Todd,Angela,6
20074043,3,Todd Bailey,801322270313370000,1,79931 Magdeline Road,tbailey16@dropbox.com,0,Todd,Heather,6
20074044,4,Sean Gonzalez,837837939182801000,0,83877 Oneill Pass,sgonzalez17@youtube.com,1,Sean,Lisa,6
20074045,1,Gary Castillo,609300876356583000,1,171 Rowland Plaza,gcastillo18@addthis.com,1,Gary,Rose,6
20074046,9,Ryan Bennett,397645861551964000,1,9942 Helena Terrace,rbennett19@umich.edu,0,Ryan,Sara,6
20074047,1,Johnny Diaz,532682663945625000,0,53 Orin Point,jdiaz1a@sciencedaily.com,1,Johnny,Helen,6
20074048,7,Craig Grant,614462682551015000,1,9869 Anniversary Drive,cgrant1b@digg.com,1,Craig,Phyllis,6
20074049,2,Keith Freeman,2433628234343680,1,5053 Chinook Street,kfreeman1c@google.com.br,1,Keith,Lillian,6
20074050,3,Alan Rose,739800880514363000,1,70277 Bartillon Lane,arose1d@hatena.ne.jp,0,Alan,Diane,6
20074051,4,Andrew Carter,982340231989891000,0,6 Lake View Junction,acarter1e@census.gov,1,Andrew,Rose,6
20082052,3,Steve Hayes,425389287014819000,0,16969 Luster Lane,shayes1f@salon.com,0,Steve,Joan,6
20082053,3,Timothy Nguyen,798014755509282000,1,587 Bellgrove Road,tnguyen1g@fema.gov,0,Timothy,Cynthia,6
20082054,3,Harry Henderson,440511590838726000,0,1703 Hermina Trail,hhenderson1h@cnet.com,1,Harry,Amy,6
20082055,8,Joseph Jackson,103384801541373000,1,2 Acker Park,jjackson1i@dot.gov,1,Joseph,Heather,6
20082056,2,Gary Welch,690893606978941000,0,0175 Brickson Park Park,gwelch1j@cdbaby.com,1,Gary,Irene,6
20082057,7,Anthony Garza,666714061214952000,1,163 Glendale Parkway,agarza1k@topsy.com,1,Anthony,Barbara,6
20082058,5,Nicholas Griffin,523168827712604000,0,9844 Nancy Way,ngriffin1l@hhs.gov,1,Nicholas,Judy,6
20082059,3,Charles Berry,36245881214982400,1,5 Ryan Alley,cberry1m@washington.edu,1,Charles,Rose,6
20082060,7,Bruce Lynch,998386986623826000,1,75352 Montana Lane,blynch1n@theglobeandmail.com,0,Bruce,Beverly,6
20082061,4,Timothy Grant,782780208928205000,0,084 Rieder Center,tgrant1o@jalbum.net,0,Timothy,Karen,6
20082062,5,Gerald Thompson,678781609589000000,0,5 Granby Hill,gthompson1p@arstechnica.com,1,Gerald,Alice,6
20082063,6,Benjamin Wells,521486468983551000,0,02600 Oak Valley Pass,bwells1q@123-reg.co.uk,0,Benjamin,Teresa,6
20119064,5,Victor Rice,405472149903035000,0,92 Union Park,vrice1r@illinois.edu,0,Victor,Heather,6
20119065,6,Harold Sanchez,783644195574734000,0,79 Holy Cross Street,hsanchez1s@youtube.com,0,Harold,Betty,6
20119066,2,Brian Ford,152324666290493000,1,0933 Gateway Drive,bford1t@marketwatch.com,0,Brian,Teresa,6
20119067,5,Michael Johnston,955560594634905000,0,61 Lighthouse Bay Center,mjohnston1u@spiegel.de,0,Michael,Deborah,6
20119068,2,Louis Cook,288186024902215000,0,4403 Gina Lane,lcook1v@fc2.com,0,Louis,Jane,6
20119069,9,David Wallace,250421277955403000,0,90 Ridgeway Parkway,dwallace1w@hubpages.com,0,David,Sandra,6
20119070,1,Fred Garcia,298227858394469000,0,43137 Evergreen Way,fgarcia1x@fda.gov,0,Fred,Heather,6
20119071,8,Louis Black,607272647132163000,1,300 Center Trail,lblack1y@example.com,0,Louis,Phyllis,6
20119072,4,Jesse Stanley,860126054679347000,0,04 Holy Cross Drive,jstanley1z@desdev.cn,1,Jesse,Brenda,6
20158073,4,Gary Carr,638761723785858000,1,3 Green Ridge Point,gcarr20@huffingtonpost.com,0,Gary,Dorothy,6
20158074,5,Roger Day,108109249157334000,1,16022 David Street,rday21@fema.gov,1,Roger,Pamela,6
20158075,3,Martin Richardson,127702410373959000,0,680 Pankratz Way,mrichardson22@webs.com,0,Martin,Phyllis,6
20158076,9,Joshua Parker,286708183036202000,1,62185 Trailsway Crossing,jparker23@arizona.edu,0,Joshua,Tammy,6
20158077,2,Brandon George,837581704881367000,1,45 Nova Street,bgeorge24@list-manage.com,0,Brandon,Lisa,6
20158078,9,Mark Walker,556630088230650000,1,0356 Sauthoff Parkway,mwalker25@miitbeian.gov.cn,1,Mark,Beverly,6
20158079,9,Antonio Roberts,282944827258473000,0,3 Rowland Junction,aroberts26@blog.com,1,Antonio,Elizabeth,6
20158080,4,Jack Ryan,902831431040790000,1,074 Welch Circle,jryan27@smh.com.au,0,Jack,Phyllis,6
