1001141,1,1001,20141,Dasar Pemrograman 20,2,2,2,0,2
1001151,1,1001,20151,Dasar Pemrograman 20,2,2,2,0,2
1001161,1,1001,20161,Dasar Pemrograman 20,2,2,2,0,2
1002141,1,1002,20141,Algoritma & Struktur,3,3,0,0,0
1002151,1,1002,20151,Algoritma & Struktur,3,3,0,0,0
1002161,1,1002,20161,Algoritma & Struktur,3,3,0,0,0
1003141,1,1003,20141,Pemrograman Fungsion,4,4,0,0,0
1003151,1,1003,20151,Pemrograman Fungsion,4,4,0,0,0
1003161,1,1003,20161,Pemrograman Fungsion,4,4,0,0,0
1004141,1,1004,20141,Matematika Diskrit 2,2,2,0,0,0
1004151,1,1004,20151,Matematika Diskrit 2,2,2,0,0,0
1004161,1,1004,20161,Matematika Diskrit 2,2,2,0,0,0
1005141,1,1005,20141,Logika Informatika 2,4,4,2,0,2
1005151,1,1005,20151,Logika Informatika 2,4,4,2,0,2
1005161,1,1005,20161,Logika Informatika 2,4,4,2,0,2
1006141,1,1006,20141,Probabilitas & Stati,2,2,0,0,0
1006151,1,1006,20151,Probabilitas & Stati,2,2,0,0,0
1006161,1,1006,20161,Probabilitas & Stati,2,2,0,0,0
1007141,1,1007,20141,Aljabar Geometri 201,4,4,0,0,0
1007151,1,1007,20151,Aljabar Geometri 201,4,4,0,0,0
1007161,1,1007,20161,Aljabar Geometri 201,4,4,0,0,0
1008142,1,1008,20142,Organisasi & Arsitek,4,4,0,0,0
1008152,1,1008,20152,Organisasi & Arsitek,4,4,0,0,0
1008162,1,1008,20162,Organisasi & Arsitek,4,4,0,0,0
1009142,1,1009,20142,Pemrograman Komputer,3,3,0,0,0
1009152,1,1009,20152,Pemrograman Komputer,3,3,0,0,0
1009162,1,1009,20162,Pemrograman Komputer,3,3,0,0,0
1010142,1,1010,20142,Pemodelan Basis Data,3,3,0,0,0
1010152,1,1010,20152,Pemodelan Basis Data,3,3,0,0,0
1010162,1,1010,20162,Pemodelan Basis Data,3,3,0,0,0
1011142,1,1011,20142,Pemrograman Berorien,3,3,0,0,0
1011152,1,1011,20152,Pemrograman Berorien,3,3,0,0,0
1011162,1,1011,20162,Pemrograman Berorien,3,3,0,0,0
1012142,1,1012,20142,Strategi Algoritma 2,4,4,2,0,2
1012152,1,1012,20152,Strategi Algoritma 2,4,4,2,0,2
1012162,1,1012,20162,Strategi Algoritma 2,4,4,2,0,2
1013142,1,1013,20142,Teori Bahasa Formal ,2,2,0,0,0
1013152,1,1013,20152,Teori Bahasa Formal ,2,2,0,0,0
1013162,1,1013,20162,Teori Bahasa Formal ,2,2,0,0,0
1014142,1,1014,20142,Sistem Operasi 2014,2,2,0,0,0
1014152,1,1014,20152,Sistem Operasi 2015,2,2,0,0,0
1014162,1,1014,20162,Sistem Operasi 2016,2,2,0,0,0
1015141,1,1015,20141,Basis Data 2014,2,2,2,0,2
1015151,1,1015,20151,Basis Data 2015,2,2,2,0,2
1016141,1,1016,20141,Dasar Rekayasa Peran,5,5,0,0,0
1016151,1,1016,20151,Dasar Rekayasa Peran,5,5,0,0,0
1016161,1,1015,20161,Basis Data 2016,2,2,2,0,2
1017141,1,1017,20141,Pengembangan Aplikas,4,4,0,0,0
1017151,1,1017,20151,Pengembangan Aplikas,4,4,0,0,0
1017161,1,1017,20161,Pengembangan Aplikas,4,4,0,0,0
1018141,1,1018,20141,Pengembangan Aplikas,2,2,0,0,0
1018151,1,1018,20151,Pengembangan Aplikas,2,2,0,0,0
1018161,1,1018,20161,Pengembangan Aplikas,2,2,0,0,0
1019141,1,1019,20141,Jaringan Komputer 20,4,4,0,0,0
1019151,1,1019,20151,Jaringan Komputer 20,4,4,0,0,0
1019161,1,1019,20161,Jaringan Komputer 20,4,4,0,0,0
1020141,1,1020,20141,Manajemen Basis Data,2,2,0,0,0
1020151,1,1020,20151,Manajemen Basis Data,2,2,0,0,0
1020161,1,1020,20161,Manajemen Basis Data,2,2,0,0,0
1021141,1,1021,20141,Manajemen Proyek Per,2,2,0,0,0
1021151,1,1021,20151,Manajemen Proyek Per,2,2,0,0,0
1021161,1,1021,20161,Manajemen Proyek Per,2,2,0,0,0
1022142,1,1022,20142,Interaksi Manusia & ,2,2,0,0,0
1022152,1,1022,20152,Interaksi Manusia & ,2,2,0,0,0
1022162,1,1022,20162,Interaksi Manusia & ,2,2,0,0,0
1023142,1,1023,20142,Rekayasa Perangkat L,4,4,0,0,2
1023152,1,1023,20152,Rekayasa Perangkat L,4,4,0,0,2
1023162,1,1023,20162,Rekayasa Perangkat L,4,4,0,0,2
1024142,1,1024,20142,Inteligensi Buatan 2,4,4,2,0,0
1024152,1,1024,20152,Inteligensi Buatan 2,4,4,2,0,0
1024162,1,1024,20162,Inteligensi Buatan 2,4,4,2,0,0
1025142,1,1025,20142,Sistem Paralel dan T,5,5,0,0,0
1025152,1,1025,20152,Sistem Paralel dan T,5,5,0,0,0
1025162,1,1025,20162,Sistem Paralel dan T,5,5,0,0,0
1026142,1,1026,20142,Sistem Informasi 201,2,2,0,0,0
1026152,1,1026,20152,Sistem Informasi 201,2,2,0,0,0
1026162,1,1026,20162,Sistem Informasi 201,2,2,0,0,0
1027142,1,1027,20142,Proyek Perangkat Lun,2,2,0,0,2
1027152,1,1027,20152,Proyek Perangkat Lun,2,2,0,0,2
1027162,1,1027,20162,Proyek Perangkat Lun,2,2,0,0,2
1028142,1,1028,20142,Grafika Komputer 201,2,2,0,0,0
1028152,1,1028,20152,Grafika Komputer 201,2,2,0,0,0
1028162,1,1028,20162,Grafika Komputer 201,2,2,0,0,0
1029141,1,1029,20141,Socio-informatika da,4,4,0,0,0
1029151,1,1029,20151,Socio-informatika da,4,4,0,0,0
1029161,1,1029,20161,Socio-informatika da,4,4,0,0,0
1030141,1,1030,20141,Kriptografi 2014,2,2,0,0,0
1030151,1,1030,20151,Kriptografi 2015,2,2,0,0,0
1030161,1,1030,20161,Kriptografi 2016,2,2,0,0,0
1031141,1,1031,20141,Pemodelan dan Simula,2,2,0,0,0
1031151,1,1031,20151,Pemodelan dan Simula,2,2,0,0,0
1031161,1,1031,20161,Pemodelan dan Simula,2,2,0,0,0
1032141,1,1032,20141,Ilmu dan Rekayasa Ko,4,4,2,0,0
1032151,1,1032,20151,Ilmu dan Rekayasa Ko,4,4,2,0,0
1032161,1,1032,20161,Ilmu dan Rekayasa Ko,4,4,2,0,0
1033141,1,1033,20141,Jaringan Komputer La,3,3,0,0,0
1033151,1,1033,20151,Jaringan Komputer La,3,3,0,0,0
1033161,1,1033,20161,Jaringan Komputer La,3,3,0,0,0
1034141,1,1034,20141,Pengembangan Aplikas,3,3,2,0,2
1034151,1,1034,20151,Pengembangan Aplikas,3,3,2,0,2
1034161,1,1034,20161,Pengembangan Aplikas,3,3,2,0,2
1035141,1,1035,20141,Sistem Multimedia 20,3,3,0,0,0
1035151,1,1035,20151,Sistem Multimedia 20,3,3,0,0,0
1035161,1,1035,20161,Sistem Multimedia 20,3,3,0,0,0
1036142,1,1036,20142,Keamanan dan Penjami,5,5,0,0,0
1036152,1,1036,20152,Keamanan dan Penjami,5,5,0,0,0
1036162,1,1036,20162,Keamanan dan Penjami,5,5,0,0,0
1037142,1,1037,20142,Pemodelan Data Lanju,3,3,0,0,2
1037152,1,1037,20152,Pemodelan Data Lanju,3,3,0,0,2
1037162,1,1037,20162,Pemodelan Data Lanju,3,3,0,0,2
1038142,1,1038,20142,Teknologi Basis Data,2,2,2,0,0
1038152,1,1038,20152,Teknologi Basis Data,2,2,2,0,0
1038162,1,1038,20162,Teknologi Basis Data,2,2,2,0,0
1039142,1,1039,20142,Sistem Temu Balik In,4,4,2,0,0
1039152,1,1039,20152,Sistem Temu Balik In,4,4,2,0,0
1039162,1,1039,20162,Sistem Temu Balik In,4,4,2,0,0
1040142,1,1040,20142,Sistem Informasi Lan,2,2,2,0,2
1040152,1,1040,20152,Sistem Informasi Lan,2,2,2,0,2
1040162,1,1040,20162,Sistem Informasi Lan,2,2,2,0,2
1041142,1,1041,20142,Pembangunan Perangka,3,3,0,0,0
1041152,1,1041,20152,Pembangunan Perangka,3,3,0,0,0
1041162,1,1041,20162,Pembangunan Perangka,3,3,0,0,0
1042142,1,1042,20142,Rekayasa Perangkat L,2,2,0,0,0
1042152,1,1042,20152,Rekayasa Perangkat L,2,2,0,0,0
1042162,1,1042,20162,Rekayasa Perangkat L,2,2,0,0,0
1043141,1,1043,20141,Rekayasa Interaksi 2,2,2,0,0,2
1043151,1,1043,20151,Rekayasa Interaksi 2,2,2,0,0,2
1043161,1,1043,20161,Rekayasa Interaksi 2,2,2,0,0,2
1044141,1,1044,20141,Visualisasi Data dan,5,5,0,0,2
1044151,1,1044,20151,Visualisasi Data dan,5,5,0,0,2
1044161,1,1044,20161,Visualisasi Data dan,5,5,0,0,2
1045141,1,1045,20141,Pembangunan Aplikasi,6,6,0,0,0
1045151,1,1045,20151,Pembangunan Aplikasi,6,6,0,0,0
1045161,1,1045,20161,Pembangunan Aplikasi,6,6,0,0,0
1046141,1,1046,20141,Representasi Pengeta,2,2,0,0,0
1046151,1,1046,20151,Representasi Pengeta,2,2,0,0,0
1046161,1,1046,20161,Representasi Pengeta,2,2,0,0,0
1047141,1,1047,20141,Pembelajaran Mesin 2,2,2,2,0,0
1047151,1,1047,20151,Pembelajaran Mesin 2,2,2,2,0,0
1047161,1,1047,20161,Pembelajaran Mesin 2,2,2,2,0,0
1048141,1,1048,20141,Pemrosesan Text dan ,2,2,0,0,0
1048151,1,1048,20151,Pemrosesan Text dan ,2,2,0,0,0
1048161,1,1048,20161,Pemrosesan Text dan ,2,2,0,0,0
1049141,1,1049,20141,Interpretasi dan Pen,2,2,0,0,0
1049151,1,1049,20151,Interpretasi dan Pen,2,2,0,0,0
1049161,1,1049,20161,Interpretasi dan Pen,2,2,0,0,0
1050142,1,1050,20142,Kerja Praktek 2014,4,4,0,0,0
1050152,1,1050,20152,Kerja Praktek 2015,4,4,0,0,0
1050162,1,1050,20162,Kerja Praktek 2016,4,4,0,0,0
1051142,1,1051,20142,Tugas Akhir I & Semi,4,4,0,0,2
1051152,1,1051,20152,Tugas Akhir I & Semi,4,4,0,0,2
1051162,1,1051,20162,Tugas Akhir I & Semi,4,4,0,0,2
1052142,1,1052,20142,Tugas Akhir II 2014,4,4,0,0,0
1052152,1,1052,20152,Tugas Akhir II 2015,4,4,0,0,0
1052162,1,1052,20162,Tugas Akhir II 2016,4,4,0,0,0
1053142,1,1053,20142,Rekayasa Perangkat L,2,2,0,0,0
1053152,1,1053,20152,Rekayasa Perangkat L,2,2,0,0,0
1053162,1,1053,20162,Rekayasa Perangkat L,2,2,0,0,0
1054142,1,1054,20142,Sistem & Arsitektur ,2,2,0,0,0
1054152,1,1054,20152,Sistem & Arsitektur ,2,2,0,0,0
1054162,1,1054,20162,Sistem & Arsitektur ,2,2,0,0,0
1055142,1,1055,20142,Sistem & Arsitektur ,2,2,0,0,0
1055152,1,1055,20152,Sistem & Arsitektur ,2,2,0,0,0
1055162,1,1055,20162,Sistem & Arsitektur ,2,2,0,0,0
1056142,1,1056,20142,Algoritma & Pemrogra,3,3,0,0,0
1056152,1,1056,20152,Algoritma & Pemrogra,3,3,0,0,0
1056162,1,1056,20162,Algoritma & Pemrogra,3,3,0,0,0
1057141,1,1057,20141,Algoritma & Pemrogra,4,4,0,0,0
1057151,1,1057,20151,Algoritma & Pemrogra,4,4,0,0,0
1057161,1,1057,20161,Algoritma & Pemrogra,4,4,0,0,0
1058141,1,1058,20141,Manajemen Informasi ,2,2,0,0,0
1058151,1,1058,20151,Manajemen Informasi ,2,2,0,0,0
1058161,1,1058,20161,Manajemen Informasi ,2,2,0,0,0
1059141,1,1059,20141,Manajemen Informasi ,1,1,2,0,0
1059151,1,1059,20151,Manajemen Informasi ,1,1,2,0,0
1059161,1,1059,20161,Manajemen Informasi ,1,1,2,0,0
1060141,1,1060,20141,Metodologi Penelitia,4,4,0,0,0
1060151,1,1060,20151,Metodologi Penelitia,4,4,0,0,0
1060161,1,1060,20161,Metodologi Penelitia,4,4,0,0,0
1061141,1,1061,20141,Teori Komputasi 2014,4,4,0,0,0
1061151,1,1061,20151,Teori Komputasi 2015,4,4,0,0,0
1061161,1,1061,20161,Teori Komputasi 2016,4,4,0,0,0
1062141,1,1062,20141,Analisa Algoritma 20,1,1,0,0,0
1062151,1,1062,20151,Analisa Algoritma 20,1,1,0,0,0
1062161,1,1062,20161,Analisa Algoritma 20,1,1,0,0,0
1063141,1,1063,20141,Arsitektur Komputer ,3,3,0,0,2
1063151,1,1063,20151,Arsitektur Komputer ,3,3,0,0,2
1063161,1,1063,20161,Arsitektur Komputer ,3,3,0,0,2
1064141,1,1064,20142,Rekayasa Kebutuhan S,4,4,0,0,0
1064151,1,1064,20152,Rekayasa Kebutuhan S,4,4,0,0,0
1064161,1,1064,20162,Rekayasa Kebutuhan S,4,4,0,0,0
1065142,1,1065,20142,Analisis & Perancang,3,3,0,0,0
1065152,1,1065,20152,Analisis & Perancang,3,3,0,0,0
1065162,1,1065,20162,Analisis & Perancang,3,3,0,0,0
1066142,1,1066,20142,Pembangunan Perangka,4,4,0,0,0
1066152,1,1066,20152,Pembangunan Perangka,4,4,0,0,0
1066162,1,1066,20162,Pembangunan Perangka,4,4,0,0,0
1067142,1,1067,20142,Kualitas Perangkat L,4,4,2,0,0
1067152,1,1067,20152,Kualitas Perangkat L,4,4,2,0,0
1067162,1,1067,20162,Kualitas Perangkat L,4,4,2,0,0
1068142,1,1068,20142,Evolusi Perangkat Lu,3,3,0,0,0
1068152,1,1068,20152,Evolusi Perangkat Lu,3,3,0,0,0
1068162,1,1068,20162,Evolusi Perangkat Lu,3,3,0,0,0
1069142,1,1069,20142,Kerekayasaan Enterpr,3,3,0,0,0
1069152,1,1069,20152,Kerekayasaan Enterpr,3,3,0,0,0
1069162,1,1069,20162,Kerekayasaan Enterpr,3,3,0,0,0
1070142,1,1070,20142,Pemodelan Enterprise,2,2,0,0,0
1070152,1,1070,20152,Pemodelan Enterprise,2,2,0,0,0
1070162,1,1070,20162,Pemodelan Enterprise,2,2,0,0,0
2001141,2,2001,20141,Pengantar Analisis R,3,3,0,2,0
2001151,2,2001,20151,Pengantar Analisis R,3,3,0,2,0
2001161,2,2001,20161,Pengantar Analisis R,3,3,0,2,0
2002141,2,2002,20141,Rangkaian Elektrik 2,2,2,0,0,0
2002151,2,2002,20151,Rangkaian Elektrik 2,2,2,0,0,0
2002161,2,2002,20161,Rangkaian Elektrik 2,2,2,0,0,0
2003141,2,2003,20141,Sistem Digital 2014,5,5,0,2,2
2003151,2,2003,20151,Sistem Digital 2015,5,5,0,2,2
2003161,2,2003,20161,Sistem Digital 2016,5,5,0,2,2
2004141,2,2004,20141,Struktur Diskrit 201,2,2,0,2,2
2004151,2,2004,20151,Struktur Diskrit 201,2,2,0,2,2
2004161,2,2004,20161,Struktur Diskrit 201,2,2,0,2,2
2005141,2,2005,20141,Probabilitas & Stati,3,3,0,2,2
2005151,2,2005,20151,Probabilitas & Stati,3,3,0,2,2
2005161,2,2005,20161,Probabilitas & Stati,3,3,0,2,2
2006141,2,2006,20141,Elektronika 2014,3,3,0,2,0
2006151,2,2006,20151,Elektronika 2015,3,3,0,2,0
2006161,2,2006,20161,Elektronika 2016,3,3,0,2,0
2007141,2,2007,20141,Medan Elektromagneti,3,3,2,0,0
2007151,2,2007,20151,Medan Elektromagneti,3,3,2,0,0
2007161,2,2007,20161,Medan Elektromagneti,3,3,2,0,0
2008142,2,2008,20142,Sinyal & Sistem 2014,3,3,0,2,0
2008152,2,2008,20152,Sinyal & Sistem 2015,3,3,0,2,0
2008162,2,2008,20162,Sinyal & Sistem 2016,3,3,0,2,0
2009142,2,2009,20142,Pemecahan Masalah de,2,2,0,0,0
2009152,2,2009,20152,Pemecahan Masalah de,2,2,0,0,0
2009162,2,2009,20162,Pemecahan Masalah de,2,2,0,0,0
2010142,2,2010,20142,Elektronika Industri,2,2,2,0,0
2010152,2,2010,20152,Elektronika Industri,2,2,2,0,0
2010162,2,2010,20162,Elektronika Industri,2,2,2,0,0
2011142,2,2011,20142,Praktikum Rangkaian ,4,4,2,2,0
2011152,2,2011,20152,Praktikum Rangkaian ,4,4,2,2,0
2011162,2,2011,20162,Praktikum Rangkaian ,4,4,2,2,0
2012142,2,2012,20142,Praktikum Sistem Dig,3,3,0,0,2
2012152,2,2012,20152,Praktikum Sistem Dig,3,3,0,0,2
2012162,2,2012,20162,Praktikum Sistem Dig,3,3,0,0,2
2013142,2,2013,20142,Sistem Digital & Mik,3,3,2,2,0
2013152,2,2013,20152,Sistem Digital & Mik,3,3,2,2,0
2013162,2,2013,20162,Sistem Digital & Mik,3,3,2,2,0
2014142,2,2014,20142,Praktikum Elektronik,4,4,2,0,0
2014152,2,2014,20152,Praktikum Elektronik,4,4,2,0,0
2014162,2,2014,20162,Praktikum Elektronik,4,4,2,0,0
2015141,2,2015,20141,Praktikum Pemecahan ,2,2,0,2,0
2015151,2,2015,20151,Praktikum Pemecahan ,2,2,0,2,0
2016141,2,2016,20141,Sistem & Arsitektur ,2,2,0,2,0
2016151,2,2016,20151,Sistem & Arsitektur ,2,2,0,2,0
2016161,2,2015,20161,Praktikum Pemecahan ,2,2,0,2,0
2017141,2,2017,20141,Elektronika II 2014,3,3,0,0,0
2017151,2,2017,20151,Elektronika II 2015,3,3,0,0,0
2017161,2,2017,20161,Elektronika II 2016,3,3,0,0,0
2018141,2,2018,20141,Pengolahan Sinyal Di,5,5,2,0,0
2018151,2,2018,20151,Pengolahan Sinyal Di,5,5,2,0,0
2018161,2,2018,20161,Pengolahan Sinyal Di,5,5,2,0,0
2019141,2,2019,20141,Arsitektur Sistem Ko,2,2,2,2,0
2019151,2,2019,20151,Arsitektur Sistem Ko,2,2,2,2,0
2019161,2,2019,20161,Arsitektur Sistem Ko,2,2,2,2,0
2020141,2,2020,20141,Material Teknik Elek,2,2,0,0,0
2020151,2,2020,20151,Material Teknik Elek,2,2,0,0,0
2020161,2,2020,20161,Material Teknik Elek,2,2,0,0,0
2021141,2,2021,20141,Sistem Instrumentasi,5,5,0,0,0
2021151,2,2021,20151,Sistem Instrumentasi,5,5,0,0,0
2021161,2,2021,20161,Sistem Instrumentasi,5,5,0,0,0
2022142,2,2022,20142,Sistem Mikroprosesor,5,5,2,1,0
2022152,2,2022,20152,Sistem Mikroprosesor,5,5,2,1,0
2022162,2,2022,20162,Sistem Mikroprosesor,5,5,2,1,0
2023142,2,2023,20142,Sistem Kendali 2014,2,2,0,0,0
2023152,2,2023,20152,Sistem Kendali 2015,2,2,0,0,0
2023162,2,2023,20162,Sistem Kendali 2016,2,2,0,0,0
2024142,2,2024,20142,Sistem Komunikasi 20,4,4,0,0,2
2024152,2,2024,20152,Sistem Komunikasi 20,4,4,0,0,2
2024162,2,2024,20162,Sistem Komunikasi 20,4,4,0,0,2
2025142,2,2025,20142,Sistem Tenaga Elektr,2,2,0,0,0
2025152,2,2025,20152,Sistem Tenaga Elektr,2,2,0,0,0
2025162,2,2025,20162,Sistem Tenaga Elektr,2,2,0,0,0
2026142,2,2026,20142,Praktikum Elektronik,2,2,2,1,0
2026152,2,2026,20152,Praktikum Elektronik,2,2,2,1,0
2026162,2,2026,20162,Praktikum Elektronik,2,2,2,1,0
2027142,2,2027,20142,Praktikum Pengolahan,4,4,0,1,0
2027152,2,2027,20152,Praktikum Pengolahan,4,4,0,1,0
2027162,2,2027,20162,Praktikum Pengolahan,4,4,0,1,0
2028142,2,2028,20142,Praktikum Arsitektur,2,2,2,0,0
2028152,2,2028,20152,Praktikum Arsitektur,2,2,2,0,0
2028162,2,2028,20162,Praktikum Arsitektur,2,2,2,0,0
2029141,2,2029,20141,Praktikum Sistem Mik,2,2,2,0,0
2029151,2,2029,20151,Praktikum Sistem Mik,2,2,2,0,0
2029161,2,2029,20161,Praktikum Sistem Mik,2,2,2,0,0
2030141,2,2030,20141,Praktikum Sistem Ken,5,5,0,2,0
2030151,2,2030,20151,Praktikum Sistem Ken,5,5,0,2,0
2030161,2,2030,20161,Praktikum Sistem Ken,5,5,0,2,0
2031141,2,2031,20141,Praktikum Sistem Kom,2,2,0,0,0
2031151,2,2031,20151,Praktikum Sistem Kom,2,2,0,0,0
2031161,2,2031,20161,Praktikum Sistem Kom,2,2,0,0,0
2032141,2,2032,20141,Praktikum Sistem Ten,3,3,2,0,0
2032151,2,2032,20151,Praktikum Sistem Ten,3,3,2,0,0
2032161,2,2032,20161,Praktikum Sistem Ten,3,3,2,0,0
2033141,2,2033,20141,Etika Profesi & Reka,5,5,0,2,0
2033151,2,2033,20151,Etika Profesi & Reka,5,5,0,2,0
2033161,2,2033,20161,Etika Profesi & Reka,5,5,0,2,0
2034141,2,2034,20141,Sistem Penggerak Ele,2,2,2,0,0
2034151,2,2034,20151,Sistem Penggerak Ele,2,2,2,0,0
2034161,2,2034,20161,Sistem Penggerak Ele,2,2,2,0,0
2035141,2,2035,20141,Tugas Akhir I (Capst,2,2,0,0,0
2035151,2,2035,20151,Tugas Akhir I (Capst,2,2,0,0,0
2035161,2,2035,20161,Tugas Akhir I (Capst,2,2,0,0,0
2036142,2,2036,20142,Tugas Akhir II (Caps,3,3,0,2,0
2036152,2,2036,20152,Tugas Akhir II (Caps,3,3,0,2,0
2036162,2,2036,20162,Tugas Akhir II (Caps,3,3,0,2,0
2037142,2,2037,20142,Kerja Praktek 2014,2,2,0,2,0
2037152,2,2037,20152,Kerja Praktek 2015,2,2,0,2,0
2037162,2,2037,20162,Kerja Praktek 2016,2,2,0,2,0
2038142,2,2038,20142,Pengembangan Keprofe,3,3,2,0,0
2038152,2,2038,20152,Pengembangan Keprofe,3,3,2,0,0
2038162,2,2038,20162,Pengembangan Keprofe,3,3,2,0,0
2039142,2,2039,20142,Magang di Industri 2,2,2,0,0,0
2039152,2,2039,20152,Magang di Industri 2,2,2,0,0,0
2039162,2,2039,20162,Magang di Industri 2,2,2,0,0,0
2040142,2,2040,20142,Praktikum Sistem Ins,4,4,0,1,0
2040152,2,2040,20152,Praktikum Sistem Ins,4,4,0,1,0
2040162,2,2040,20162,Praktikum Sistem Ins,4,4,0,1,0
2041142,2,2041,20142,Jaringan Komputer 20,3,3,0,0,0
2041152,2,2041,20152,Jaringan Komputer 20,3,3,0,0,0
2041162,2,2041,20162,Jaringan Komputer 20,3,3,0,0,0
2042142,2,2042,20142,Perancangan Sistem E,4,4,0,0,0
2042152,2,2042,20152,Perancangan Sistem E,4,4,0,0,0
2042162,2,2042,20162,Perancangan Sistem E,4,4,0,0,0
2043141,2,2043,20141,Praktikum Perancanga,2,2,2,2,0
2043151,2,2043,20151,Praktikum Perancanga,2,2,2,2,0
2043161,2,2043,20161,Praktikum Perancanga,2,2,2,2,0
2044141,2,2044,20141,Sistem Kendali Digit,2,2,2,0,0
2044151,2,2044,20151,Sistem Kendali Digit,2,2,2,0,0
2044161,2,2044,20161,Sistem Kendali Digit,2,2,2,0,0
2045141,2,2045,20141,Praktikum Sistem Ken,2,2,0,0,0
2045151,2,2045,20151,Praktikum Sistem Ken,2,2,0,0,0
2045161,2,2045,20161,Praktikum Sistem Ken,2,2,0,0,0
2046141,2,2046,20141,Pengolahan Citra Dig,6,6,0,1,2
2046151,2,2046,20151,Pengolahan Citra Dig,6,6,0,1,2
2046161,2,2046,20161,Pengolahan Citra Dig,6,6,0,1,2
2047141,2,2047,20141,Robotika 2014,2,2,0,0,0
2047151,2,2047,20151,Robotika 2015,2,2,0,0,0
2047161,2,2047,20161,Robotika 2016,2,2,0,0,0
2048141,2,2048,20141,Arsitektur & Komputa,3,3,2,0,0
2048151,2,2048,20151,Arsitektur & Komputa,3,3,2,0,0
2048161,2,2048,20161,Arsitektur & Komputa,3,3,2,0,0
2049141,2,2049,20141,Perancangan Sistem O,4,4,0,2,2
2049151,2,2049,20151,Perancangan Sistem O,4,4,0,2,2
2049161,2,2049,20161,Perancangan Sistem O,4,4,0,2,2
2050142,2,2050,20142,Devais Semikonduktor,4,4,0,0,0
2050152,2,2050,20152,Devais Semikonduktor,4,4,0,0,0
2050162,2,2050,20162,Devais Semikonduktor,4,4,0,0,0
2051142,2,2051,20142,Anatomi dan Fisiolog,2,2,0,0,0
2051152,2,2051,20152,Anatomi dan Fisiolog,2,2,0,0,0
2051162,2,2051,20162,Anatomi dan Fisiolog,2,2,0,0,0
2052142,2,2052,20142,Teknik Biomedika 201,2,2,2,1,0
2052152,2,2052,20152,Teknik Biomedika 201,2,2,2,1,0
2052162,2,2052,20162,Teknik Biomedika 201,2,2,2,1,0
2053142,2,2053,20142,Perancangan Sistem V,3,3,0,0,0
2053152,2,2053,20152,Perancangan Sistem V,3,3,0,0,0
2053162,2,2053,20162,Perancangan Sistem V,3,3,0,0,0
2054142,2,2054,20142,Analisis & Perancang,2,2,0,2,2
2054152,2,2054,20152,Analisis & Perancang,2,2,0,2,2
2054162,2,2054,20162,Analisis & Perancang,2,2,0,2,2
2055142,2,2055,20142,Dasar Sistem & Kenda,4,4,0,2,2
2055152,2,2055,20152,Dasar Sistem & Kenda,4,4,0,2,2
2055162,2,2055,20162,Dasar Sistem & Kenda,4,4,0,2,2
2056142,2,2056,20142,Sistem Kendali Multi,4,4,0,0,0
2056152,2,2056,20152,Sistem Kendali Multi,4,4,0,0,0
2056162,2,2056,20162,Sistem Kendali Multi,4,4,0,0,0
2057141,2,2057,20141,Arsitektur Sistem Ko,4,4,2,0,0
2057151,2,2057,20151,Arsitektur Sistem Ko,4,4,2,0,0
2057161,2,2057,20161,Arsitektur Sistem Ko,4,4,2,0,0
2058141,2,2058,20141,Perancangan Perangka,2,2,2,1,0
2058151,2,2058,20151,Perancangan Perangka,2,2,2,1,0
2058161,2,2058,20161,Perancangan Perangka,2,2,2,1,0
2059141,2,2059,20141,Teknologi IC 2014,3,3,0,0,0
2059151,2,2059,20151,Teknologi IC 2015,3,3,0,0,0
2059161,2,2059,20161,Teknologi IC 2016,3,3,0,0,0
2060141,2,2060,20141,Fenomena Transpor di,4,4,0,0,0
2060151,2,2060,20151,Fenomena Transpor di,4,4,0,0,0
2060161,2,2060,20161,Fenomena Transpor di,4,4,0,0,0
2061141,2,2061,20141,Pengukuran Biosinyal,1,1,0,2,0
2061151,2,2061,20151,Pengukuran Biosinyal,1,1,0,2,0
2061161,2,2061,20161,Pengukuran Biosinyal,1,1,0,2,0
2062141,2,2062,20141,Mikroelektronika RF ,4,4,0,0,0
2062151,2,2062,20151,Mikroelektronika RF ,4,4,0,0,0
2062161,2,2062,20161,Mikroelektronika RF ,4,4,0,0,0
2063141,2,2063,20141,Matematika Lanjut 20,1,1,2,0,0
2063151,2,2063,20151,Matematika Lanjut 20,1,1,2,0,0
2063161,2,2063,20161,Matematika Lanjut 20,1,1,2,0,0
2064141,2,2064,20142,Kendali Optimal 2014,4,4,0,0,0
2064151,2,2064,20152,Kendali Optimal 2015,4,4,0,0,0
2064161,2,2064,20162,Kendali Optimal 2016,4,4,0,0,0
2065142,2,2065,20142,Mekatronika 2014,1,1,0,1,0
2065152,2,2065,20152,Mekatronika 2015,1,1,0,1,0
2065162,2,2065,20162,Mekatronika 2016,1,1,0,1,0
2066142,2,2066,20142,Grafika Komputer dan,2,2,0,0,0
2066152,2,2066,20152,Grafika Komputer dan,2,2,0,0,0
2066162,2,2066,20162,Grafika Komputer dan,2,2,0,0,0
2067142,2,2067,20142,Sistem Intelijen 201,2,2,2,0,2
2067152,2,2067,20152,Sistem Intelijen 201,2,2,2,0,2
2067162,2,2067,20162,Sistem Intelijen 201,2,2,2,0,2
2068142,2,2068,20142,Desain Interaksi 201,2,2,2,0,2
2068152,2,2068,20152,Desain Interaksi 201,2,2,2,0,2
2068162,2,2068,20162,Desain Interaksi 201,2,2,2,0,2
2069142,2,2069,20142,Desain Aplikasi Inte,1,1,2,1,2
2069152,2,2069,20152,Desain Aplikasi Inte,1,1,2,1,2
2069162,2,2069,20162,Desain Aplikasi Inte,1,1,2,1,2
3001141,1,3001,20141,Dasar Perencanaan da,1,1,2,2,2
3001151,3,3001,20151,Dasar Perencanaan da,1,1,2,2,2
3001161,3,3001,20161,Dasar Perencanaan da,1,1,2,2,2
3002141,3,3002,20141,Apresiasi Arsitektur,2,2,0,0,0
3002151,3,3002,20151,Apresiasi Arsitektur,2,2,0,0,0
3002161,3,3002,20161,Apresiasi Arsitektur,2,2,0,0,0
3003141,3,3003,20141,Prinsip Desain Arsit,2,2,0,0,0
3003151,3,3003,20151,Prinsip Desain Arsit,2,2,0,0,0
3003161,3,3003,20161,Prinsip Desain Arsit,2,2,0,0,0
3004141,3,3004,20141,Studio Konstruksi da,2,2,0,0,0
3004151,3,3004,20151,Studio Konstruksi da,2,2,0,0,0
3004161,3,3004,20161,Studio Konstruksi da,2,2,0,0,0
3005141,3,3005,20141,Dasar-dasar Struktur,4,4,2,0,2
3005151,3,3005,20151,Dasar-dasar Struktur,4,4,2,0,2
3005161,3,3005,20161,Dasar-dasar Struktur,4,4,2,0,2
3006141,3,3006,20141,Sejarah dan Tradisi ,5,5,2,2,2
3006151,3,3006,20151,Sejarah dan Tradisi ,5,5,2,2,2
3006161,3,3006,20161,Sejarah dan Tradisi ,5,5,2,2,2
3007141,3,3007,20141,Lingkungan Binaan Be,2,2,0,0,0
3007151,3,3007,20151,Lingkungan Binaan Be,2,2,0,0,0
3007161,3,3007,20161,Lingkungan Binaan Be,2,2,0,0,0
3008142,3,3008,20142,Studio Perancangan A,4,4,2,1,2
3008152,3,3008,20152,Studio Perancangan A,4,4,2,1,2
3008162,3,3008,20162,Studio Perancangan A,4,4,2,1,2
3009142,3,3009,20142,Studio Gubahan Ruang,5,5,0,0,0
3009152,3,3009,20152,Studio Gubahan Ruang,5,5,0,0,0
3009162,3,3009,20162,Studio Gubahan Ruang,5,5,0,0,0
3010142,3,3010,20142,Teori Desain Arsitek,2,2,2,0,2
3010152,3,3010,20152,Teori Desain Arsitek,2,2,2,0,2
3010162,3,3010,20162,Teori Desain Arsitek,2,2,2,0,2
3011142,3,3011,20142,Perilaku dan Desain ,4,4,2,0,2
3011152,3,3011,20152,Perilaku dan Desain ,4,4,2,0,2
3011162,3,3011,20162,Perilaku dan Desain ,4,4,2,0,2
3012142,3,3012,20142,Sejarah dan Tradisi ,2,2,0,2,0
3012152,3,3012,20152,Sejarah dan Tradisi ,2,2,0,2,0
3012162,3,3012,20162,Sejarah dan Tradisi ,2,2,0,2,0
3013142,3,3013,20142,Studio Komputasi Ars,2,2,0,0,0
3013152,3,3013,20152,Studio Komputasi Ars,2,2,0,0,0
3013162,3,3013,20162,Studio Komputasi Ars,2,2,0,0,0
3014142,3,3014,20142,Studio Perancangan A,3,3,0,0,0
3014152,3,3014,20152,Studio Perancangan A,3,3,0,0,0
3014162,3,3014,20162,Studio Perancangan A,3,3,0,0,0
3015141,3,3015,20141,Studio Perencanaan d,3,3,0,0,0
3015151,3,3015,20151,Studio Perencanaan d,3,3,0,0,0
3016141,3,3016,20141,Prinsip Dasar Arsite,2,2,2,0,2
3016151,3,3016,20151,Prinsip Dasar Arsite,2,2,2,0,2
3016161,3,3015,20161,Studio Perencanaan d,3,3,0,0,0
3017141,3,3017,20141,Studio Konstruksi da,3,3,0,1,0
3017151,3,3017,20151,Studio Konstruksi da,3,3,0,1,0
3017161,3,3017,20161,Studio Konstruksi da,3,3,0,1,0
3018141,3,3018,20141,Fisika Bangunan 2014,2,2,0,0,0
3018151,3,3018,20151,Fisika Bangunan 2015,2,2,0,0,0
3018161,3,3018,20161,Fisika Bangunan 2016,2,2,0,0,0
3019141,3,3019,20141,Arsitektur Tepat Gun,3,3,0,0,0
3019151,3,3019,20151,Arsitektur Tepat Gun,3,3,0,0,0
3019161,3,3019,20161,Arsitektur Tepat Gun,3,3,0,0,0
3020141,3,3020,20141,Perkembangan Tipolog,5,5,0,0,0
3020151,3,3020,20151,Perkembangan Tipolog,5,5,0,0,0
3020161,3,3020,20161,Perkembangan Tipolog,5,5,0,0,0
3021141,3,3021,20141,Dokumentasi Bangunan,3,3,2,2,0
3021151,3,3021,20151,Dokumentasi Bangunan,3,3,2,2,0
3021161,3,3021,20161,Dokumentasi Bangunan,3,3,2,2,0
3022142,3,3022,20142,Studio Perancangan A,3,3,0,0,0
3022152,3,3022,20152,Studio Perancangan A,3,3,0,0,0
3022162,3,3022,20162,Studio Perancangan A,3,3,0,0,0
3023142,3,3023,20142,Pengantar Penelitian,4,4,0,0,0
3023152,3,3023,20152,Pengantar Penelitian,4,4,0,0,0
3023162,3,3023,20162,Pengantar Penelitian,4,4,0,0,0
3024142,3,3024,20142,Utilitas Bangunan 20,3,3,0,0,0
3024152,3,3024,20152,Utilitas Bangunan 20,3,3,0,0,0
3024162,3,3024,20162,Utilitas Bangunan 20,3,3,0,0,0
3025142,3,3025,20142,Manajemen Proyek 201,3,3,0,2,0
3025152,3,3025,20152,Manajemen Proyek 201,3,3,0,2,0
3025162,3,3025,20162,Manajemen Proyek 201,3,3,0,2,0
3026142,3,3026,20142,Arsitektur Kolonial ,3,3,1,2,0
3026152,3,3026,20152,Arsitektur Kolonial ,3,3,1,2,0
3026162,3,3026,20162,Arsitektur Kolonial ,3,3,1,2,0
3027142,3,3027,20142,Arsitektur Indonesia,3,3,0,0,0
3027152,3,3027,20152,Arsitektur Indonesia,3,3,0,0,0
3027162,3,3027,20162,Arsitektur Indonesia,3,3,0,0,0
3028142,3,3028,20142,Perancangan Perumaha,2,2,0,0,0
3028152,3,3028,20152,Perancangan Perumaha,2,2,0,0,0
3028162,3,3028,20162,Perancangan Perumaha,2,2,0,0,0
3029141,3,3029,20141,Tipomorfologi Peruma,3,3,0,0,0
3029151,3,3029,20151,Tipomorfologi Peruma,3,3,0,0,0
3029161,3,3029,20161,Tipomorfologi Peruma,3,3,0,0,0
3030141,3,3030,20141,Studio Struktur dan ,5,5,1,0,0
3030151,3,3030,20151,Studio Struktur dan ,5,5,1,0,0
3030161,3,3030,20161,Studio Struktur dan ,5,5,1,0,0
3031141,3,3031,20141,Studio Perancangan A,2,2,0,1,0
3031151,3,3031,20151,Studio Perancangan A,2,2,0,1,0
3031161,3,3031,20161,Studio Perancangan A,2,2,0,1,0
3032141,3,3032,20141,Persiapan Tugas Akhi,4,4,0,0,0
3032151,3,3032,20151,Persiapan Tugas Akhi,4,4,0,0,0
3032161,3,3032,20161,Persiapan Tugas Akhi,4,4,0,0,0
3033141,3,3033,20141,Ujian Komprehensif 2,2,2,0,0,0
3033151,3,3033,20151,Ujian Komprehensif 2,2,2,0,0,0
3033161,3,3033,20161,Ujian Komprehensif 2,2,2,0,0,0
3034141,3,3034,20141,Praktek Profesi Arsi,3,3,0,1,0
3034151,3,3034,20151,Praktek Profesi Arsi,3,3,0,1,0
3034161,3,3034,20161,Praktek Profesi Arsi,3,3,0,1,0
3035141,3,3035,20141,Studio Perancangan A,3,3,0,0,0
3035151,3,3035,20151,Studio Perancangan A,3,3,0,0,0
3035161,3,3035,20161,Studio Perancangan A,3,3,0,0,0
3036142,3,3036,20142,Tugas Akhir 2014,2,2,1,0,0
3036152,3,3036,20152,Tugas Akhir 2015,2,2,1,0,0
3036162,3,3036,20162,Tugas Akhir 2016,2,2,1,0,0
3037142,3,3037,20142,Pengantar Arsitektur,4,4,0,2,0
3037152,3,3037,20152,Pengantar Arsitektur,4,4,0,2,0
3037162,3,3037,20162,Pengantar Arsitektur,4,4,0,2,0
3038142,3,3038,20142,Pendekatan Algoritmi,4,4,0,2,0
3038152,3,3038,20152,Pendekatan Algoritmi,4,4,0,2,0
3038162,3,3038,20162,Pendekatan Algoritmi,4,4,0,2,0
3039142,3,3039,20142,Partisipasi Masyarak,3,3,0,2,0
3039152,3,3039,20152,Partisipasi Masyarak,3,3,0,2,0
3039162,3,3039,20162,Partisipasi Masyarak,3,3,0,2,0
3040142,3,3040,20142,Pengantar Real Estat,3,3,0,0,0
3040152,3,3040,20152,Pengantar Real Estat,3,3,0,0,0
3040162,3,3040,20162,Pengantar Real Estat,3,3,0,0,0
3041142,3,3041,20142,Seminar Arsitektur 2,2,2,0,0,0
3041152,3,3041,20152,Seminar Arsitektur 2,2,2,0,0,0
3041162,3,3041,20162,Seminar Arsitektur 2,2,2,0,0,0
3042142,3,3042,20142,Arsitektur dan Urban,2,2,3,0,0
3042152,3,3042,20152,Arsitektur dan Urban,2,2,3,0,0
3042162,3,3042,20162,Arsitektur dan Urban,2,2,3,0,0
3043141,3,3043,20141,Pelestarian Bangunan,3,3,0,1,0
3043151,3,3043,20151,Pelestarian Bangunan,3,3,0,1,0
3043161,3,3043,20161,Pelestarian Bangunan,3,3,0,1,0
3044141,3,3044,20141,Ekonomi Bangunan 201,2,2,0,0,0
3044151,3,3044,20151,Ekonomi Bangunan 201,2,2,0,0,0
3044161,3,3044,20161,Ekonomi Bangunan 201,2,2,0,0,0
3045141,3,3045,20141,Pengantar BIM dalam ,2,2,0,2,0
3045151,3,3045,20151,Pengantar BIM dalam ,2,2,0,2,0
3045161,3,3045,20161,Pengantar BIM dalam ,2,2,0,2,0
3046141,3,3046,20141,Kritik Arsitektur 20,4,4,0,0,0
3046151,3,3046,20151,Kritik Arsitektur 20,4,4,0,0,0
3046161,3,3046,20161,Kritik Arsitektur 20,4,4,0,0,0
3047141,3,3047,20141,Arsitektur Islam 201,3,3,0,0,0
3047151,3,3047,20151,Arsitektur Islam 201,3,3,0,0,0
3047161,3,3047,20161,Arsitektur Islam 201,3,3,0,0,0
3048141,3,3048,20141,Permukiman Masyaraka,3,3,0,2,2
3048151,3,3048,20151,Permukiman Masyaraka,3,3,0,2,2
3048161,3,3048,20161,Permukiman Masyaraka,3,3,0,2,2
3049141,3,3049,20141,Studi Independen 201,4,4,2,0,2
3049151,3,3049,20151,Studi Independen 201,4,4,2,0,2
3049161,3,3049,20161,Studi Independen 201,4,4,2,0,2
3050142,3,3050,20142,Arsitektur dan Tekno,3,3,0,0,2
3050152,3,3050,20152,Arsitektur dan Tekno,3,3,0,0,2
3050162,3,3050,20162,Arsitektur dan Tekno,3,3,0,0,2
3051142,3,3051,20142,Arsitektur Digital 2,4,4,0,3,2
3051152,3,3051,20152,Arsitektur Digital 2,4,4,0,3,2
3051162,3,3051,20162,Arsitektur Digital 2,4,4,0,3,2
3052142,3,3052,20142,Metodologi Penelitia,2,2,0,0,0
3052152,3,3052,20152,Metodologi Penelitia,2,2,0,0,0
3052162,3,3052,20162,Metodologi Penelitia,2,2,0,0,0
3053142,3,3053,20142,Analisis Data 2014,4,4,0,0,0
3053152,3,3053,20152,Analisis Data 2015,4,4,0,0,0
3053162,3,3053,20162,Analisis Data 2016,4,4,0,0,0
3054142,3,3054,20142,Riset Tematik 1 2014,4,4,1,1,0
3054152,3,3054,20152,Riset Tematik 1 2015,4,4,1,1,0
3054162,3,3054,20162,Riset Tematik 1 2016,4,4,1,1,0
3055142,3,3055,20142,Studio 1 2014,2,2,0,2,2
3055152,3,3055,20152,Studio 1 2015,2,2,0,2,2
3055162,3,3055,20162,Studio 1 2016,2,2,0,2,2
3056142,3,3056,20142,Pemrograman Fasilita,3,3,0,2,2
3056152,3,3056,20152,Pemrograman Fasilita,3,3,0,2,2
3056162,3,3056,20162,Pemrograman Fasilita,3,3,0,2,2
3057141,3,3057,20141,Etika Profesi 2014,2,2,0,0,0
3057151,3,3057,20151,Etika Profesi 2015,2,2,0,0,0
3057161,3,3057,20161,Etika Profesi 2016,2,2,0,0,0
3058141,3,3058,20141,Teori dan Kritik Ars,4,4,0,3,2
3058151,3,3058,20151,Teori dan Kritik Ars,4,4,0,3,2
3058161,3,3058,20161,Teori dan Kritik Ars,4,4,0,3,2
3059141,3,3059,20141,Arsitektur Vernakula,1,1,0,0,0
3059151,3,3059,20151,Arsitektur Vernakula,1,1,0,0,0
3059161,3,3059,20161,Arsitektur Vernakula,1,1,0,0,0
3060141,3,3060,20141,Perumahan dan Perkot,3,3,0,2,2
3060151,3,3060,20151,Perumahan dan Perkot,3,3,0,2,2
3060161,3,3060,20161,Perumahan dan Perkot,3,3,0,2,2
3061141,3,3061,20141,Analisis Lingkungan ,4,4,0,1,2
3061151,3,3061,20151,Analisis Lingkungan ,4,4,0,1,2
3061161,3,3061,20161,Analisis Lingkungan ,4,4,0,1,2
3062141,3,3062,20141,Riset Tematik 2 2014,3,3,1,0,0
3062151,3,3062,20151,Riset Tematik 2 2015,3,3,1,0,0
3062161,3,3062,20161,Riset Tematik 2 2016,3,3,1,0,0
3063141,3,3063,20141,Studio 2 2014,2,2,0,0,0
3063151,3,3063,20151,Studio 2 2015,2,2,0,0,0
3063161,3,3063,20161,Studio 2 2016,2,2,0,0,0
3064141,3,3064,20142,Topik Khusus 2014,3,3,2,2,0
3064151,3,3064,20152,Topik Khusus 2015,3,3,2,2,0
3064161,3,3064,20162,Topik Khusus 2016,3,3,2,2,0
3065142,3,3065,20142,Studi Independen 201,3,3,0,0,0
3065152,3,3065,20152,Studi Independen 201,3,3,0,0,0
3065162,3,3065,20162,Studi Independen 201,3,3,0,0,0
3066142,3,3066,20142,Tesis Berbasis Desai,4,4,0,0,2
3066152,3,3066,20152,Tesis Berbasis Desai,4,4,0,0,2
3066162,3,3066,20162,Tesis Berbasis Desai,4,4,0,0,2
3067142,3,3067,20142,Budaya Lokal dan Per,4,4,0,3,0
3067152,3,3067,20152,Budaya Lokal dan Per,4,4,0,3,0
3067162,3,3067,20162,Budaya Lokal dan Per,4,4,0,3,0
3068142,3,3068,20142,Teknologi Bangunan B,2,2,0,0,0
3068152,3,3068,20152,Teknologi Bangunan B,2,2,0,0,0
3068162,3,3068,20162,Teknologi Bangunan B,2,2,0,0,0
3069142,3,3069,20142,Arsitektur Kontempor,4,4,0,0,0
3069152,3,3069,20152,Arsitektur Kontempor,4,4,0,0,0
3069162,3,3069,20162,Arsitektur Kontempor,4,4,0,0,0
3070142,3,3070,20142,Perancangan Dalam Ko,1,1,0,0,0
3070152,3,3070,20152,Perancangan Dalam Ko,1,1,0,0,0
3070162,3,3070,20162,Perancangan Dalam Ko,1,1,0,0,0
4001141,1,4001,20141,Rekayasa Bahan Konst,2,2,2,0,0
4001151,4,4001,20151,Rekayasa Bahan Konst,2,2,2,0,0
4001161,4,4001,20161,Rekayasa Bahan Konst,2,2,2,0,0
4002141,4,4002,20141,Analisis Statistik d,6,6,0,2,0
4002151,4,4002,20151,Analisis Statistik d,6,6,0,2,0
4002161,4,4002,20161,Analisis Statistik d,6,6,0,2,0
4003141,4,4003,20141,Matematika Rekayasa ,2,2,0,2,2
4003151,4,4003,20151,Matematika Rekayasa ,2,2,0,2,2
4003161,4,4003,20161,Matematika Rekayasa ,2,2,0,2,2
4004141,4,4004,20141,Statika 2014,2,2,0,1,2
4004151,4,4004,20151,Statika 2015,2,2,0,1,2
4004161,4,4004,20161,Statika 2016,2,2,0,1,2
4005141,4,4005,20141,Pengetahuan Struktur,4,4,0,0,2
4005151,4,4005,20151,Pengetahuan Struktur,4,4,0,0,2
4005161,4,4005,20161,Pengetahuan Struktur,4,4,0,0,2
4006141,4,4006,20141,Pengetahuan Statika ,2,2,0,1,2
4006151,4,4006,20151,Pengetahuan Statika ,2,2,0,1,2
4006161,4,4006,20161,Pengetahuan Statika ,2,2,0,1,2
4007141,4,4007,20141,Pengantar Mekanika T,3,3,0,0,0
4007151,4,4007,20151,Pengantar Mekanika T,3,3,0,0,0
4007161,4,4007,20161,Pengantar Mekanika T,3,3,0,0,0
4008142,4,4008,20142,Mekanika Tanah 2014,2,2,0,0,0
4008152,4,4008,20152,Mekanika Tanah 2015,2,2,0,0,0
4008162,4,4008,20162,Mekanika Tanah 2016,2,2,0,0,0
4009142,4,4009,20142,Mekanika Fluida dan ,4,4,1,0,0
4009152,4,4009,20152,Mekanika Fluida dan ,4,4,1,0,0
4009162,4,4009,20162,Mekanika Fluida dan ,4,4,1,0,0
4011142,4,4011,20142,Metoda Numerik 2014,2,2,0,2,2
4011152,4,4011,20152,Metoda Numerik 2015,2,2,0,2,2
4011162,4,4011,20162,Metoda Numerik 2016,2,2,0,2,2
4012142,4,4012,20142,Mekanika Bahan 2014,2,2,0,0,0
4012152,4,4012,20152,Mekanika Bahan 2015,2,2,0,0,0
4012162,4,4012,20162,Mekanika Bahan 2016,2,2,0,0,0
4013142,4,4013,20142,Mekanika Tanah I 201,2,2,0,0,2
4013152,4,4013,20152,Mekanika Tanah I 201,2,2,0,0,2
4013162,4,4013,20162,Mekanika Tanah I 201,2,2,0,0,2
4014142,4,4014,20142,Pengantar Mekanika T,5,5,0,0,0
4014152,4,4014,20152,Pengantar Mekanika T,5,5,0,0,0
4014162,4,4014,20162,Pengantar Mekanika T,5,5,0,0,0
4015141,4,4015,20141,Pengantar Mekanika T,2,2,2,1,2
4015151,4,4015,20151,Pengantar Mekanika T,2,2,2,1,2
4016141,4,4016,20141,Rekayasa Hidrologi 2,5,5,0,0,2
4016151,4,4016,20151,Rekayasa Hidrologi 2,5,5,0,0,2
4016161,4,4015,20161,Pengantar Mekanika T,2,2,2,1,2
4017141,4,4017,20141,Rekayasa Lalu Lintas,2,2,0,0,0
4017151,4,4017,20151,Rekayasa Lalu Lintas,2,2,0,0,0
4017161,4,4017,20161,Rekayasa Lalu Lintas,2,2,0,0,0
4018141,4,4018,20141,Analisis Struktur I ,3,3,0,0,0
4018151,4,4018,20151,Analisis Struktur I ,3,3,0,0,0
4018161,4,4018,20161,Analisis Struktur I ,3,3,0,0,0
4019141,4,4019,20141,Struktur Beton 2014,3,3,0,2,0
4019151,4,4019,20151,Struktur Beton 2015,3,3,0,2,0
4019161,4,4019,20161,Struktur Beton 2016,3,3,0,2,0
4020161,4,4020,20161,Mekanika Tanah II 20,2,2,0,0,0
4021141,4,4021,20141,Irigasi dan Drainase,4,4,0,0,2
4021151,4,4021,20151,Irigasi dan Drainase,4,4,0,0,2
4021161,4,4021,20161,Irigasi dan Drainase,4,4,0,0,2
4022142,4,4022,20142,Perancangan Geometri,6,6,0,1,0
4022152,4,4022,20152,Perancangan Geometri,6,6,0,1,0
4022162,4,4022,20162,Perancangan Geometri,6,6,0,1,0
4023142,4,4023,20142,Manajemen Konstruksi,2,2,0,2,0
4023152,4,4023,20152,Manajemen Konstruksi,2,2,0,2,0
4023162,4,4023,20162,Manajemen Konstruksi,2,2,0,2,0
4024142,4,4024,20142,Analisis Struktur II,2,2,2,0,0
4024152,4,4024,20152,Analisis Struktur II,2,2,2,0,0
4024162,4,4024,20162,Analisis Struktur II,2,2,2,0,0
4025142,4,4025,20142,Struktur Baja 2014,4,4,0,2,0
4025152,4,4025,20152,Struktur Baja 2015,4,4,0,2,0
4025162,4,4025,20162,Struktur Baja 2016,4,4,0,2,0
4026142,4,4026,20142,Dinamika Struktur & ,3,3,0,0,2
4026152,4,4026,20152,Dinamika Struktur & ,3,3,0,0,2
4026162,4,4026,20162,Dinamika Struktur & ,3,3,0,0,2
4027142,4,4027,20142,Rekayasa Pondasi 201,2,2,0,0,2
4027152,4,4027,20152,Rekayasa Pondasi 201,2,2,0,0,2
4027162,4,4027,20162,Rekayasa Pondasi 201,2,2,0,0,2
4028142,4,4028,20142,Perancangan Perkeras,2,2,0,0,2
4028152,4,4028,20152,Perancangan Perkeras,2,2,0,0,2
4028162,4,4028,20162,Perancangan Perkeras,2,2,0,0,2
4029141,4,4029,20141,Metoda Pelaksanaan K,2,2,0,1,2
4029151,4,4029,20151,Metoda Pelaksanaan K,2,2,0,1,2
4029161,4,4029,20161,Metoda Pelaksanaan K,2,2,0,1,2
4030161,4,4030,20161,Kerja Praktek/Magang,6,6,0,2,0
4031141,4,4031,20141,Tugas Akhir 2014,3,3,0,2,0
4031151,4,4031,20151,Tugas Akhir 2015,3,3,0,2,0
4031161,4,4031,20161,Tugas Akhir 2016,3,3,0,2,0
4032141,4,4032,20141,Rekayasa & Perancang,4,4,0,0,0
4032151,4,4032,20151,Rekayasa & Perancang,4,4,0,0,0
4032161,4,4032,20161,Rekayasa & Perancang,4,4,0,0,0
4033141,4,4033,20141,Struktur Beton Lanju,2,2,2,0,2
4033151,4,4033,20151,Struktur Beton Lanju,2,2,2,0,2
4033161,4,4033,20161,Struktur Beton Lanju,2,2,2,0,2
4034141,4,4034,20141,Struktur Kayu 2014,2,2,0,1,2
4034151,4,4034,20151,Struktur Kayu 2015,2,2,0,1,2
4034161,4,4034,20161,Struktur Kayu 2016,2,2,0,1,2
4035141,4,4035,20141,Pengantar Dinamika T,2,2,0,0,0
4035151,4,4035,20151,Pengantar Dinamika T,2,2,0,0,0
4035161,4,4035,20161,Pengantar Dinamika T,2,2,0,0,0
4036142,4,4036,20142,Pengembangan Sumber ,3,3,0,1,2
4036152,4,4036,20152,Pengembangan Sumber ,3,3,0,1,2
4036162,4,4036,20162,Pengembangan Sumber ,3,3,0,1,2
4037142,4,4037,20142,Rekayasa Pantai dan ,3,3,1,1,0
4037152,4,4037,20152,Rekayasa Pantai dan ,3,3,1,1,0
4037162,4,4037,20162,Rekayasa Pantai dan ,3,3,1,1,0
4038142,4,4038,20142,Analisis Kebutuhan P,2,2,0,0,2
4038152,4,4038,20152,Analisis Kebutuhan P,2,2,0,0,2
4038162,4,4038,20162,Analisis Kebutuhan P,2,2,0,0,2
4039142,4,4039,20142,Rekayasa Struktur da,3,3,0,0,2
4039152,4,4039,20152,Rekayasa Struktur da,3,3,0,0,2
4039162,4,4039,20162,Rekayasa Struktur da,3,3,0,0,2
4040141,4,4020,20141,Mekanika Tanah II 20,2,2,0,0,0
4040142,4,4010,20142,Pengantar Rekayasa T,4,4,0,1,2
4040151,4,4020,20151,Mekanika Tanah II 20,2,2,0,0,0
4040152,4,4010,20152,Pengantar Rekayasa T,4,4,0,1,2
4040162,4,4010,20162,Pengantar Rekayasa T,4,4,0,1,2
4041142,4,4041,20142,Ekonomi Teknik 2014,5,5,1,0,0
4041152,4,4041,20152,Ekonomi Teknik 2015,5,5,1,0,0
4041162,4,4041,20162,Ekonomi Teknik 2016,5,5,1,0,0
4042142,4,4042,20142,Estimasi Biaya Konst,2,2,0,0,0
4042152,4,4042,20152,Estimasi Biaya Konst,2,2,0,0,0
4042162,4,4042,20162,Estimasi Biaya Konst,2,2,0,0,0
4043141,4,4043,20141,Metode Konstruksi da,2,2,2,0,0
4043151,4,4043,20151,Metode Konstruksi da,2,2,2,0,0
4043161,4,4043,20161,Metode Konstruksi da,2,2,2,0,0
4044141,4,4044,20141,Sistem Rekayasa Sipi,4,4,0,1,2
4044151,4,4044,20151,Sistem Rekayasa Sipi,4,4,0,1,2
4044161,4,4044,20161,Sistem Rekayasa Sipi,4,4,0,1,2
4045141,4,4045,20141,Beton Prategang 2014,3,3,2,1,0
4045151,4,4045,20151,Beton Prategang 2015,3,3,2,1,0
4045161,4,4045,20161,Beton Prategang 2016,3,3,2,1,0
4046141,4,4046,20141,Struktur Baja Lanjut,4,4,2,0,2
4046151,4,4046,20151,Struktur Baja Lanjut,4,4,2,0,2
4046161,4,4046,20161,Struktur Baja Lanjut,4,4,2,0,2
4047141,4,4047,20141,Dinding Penahan Tana,2,2,1,0,0
4047151,4,4047,20151,Dinding Penahan Tana,2,2,1,0,0
4047161,4,4047,20161,Dinding Penahan Tana,2,2,1,0,0
4048141,4,4048,20141,Bangunan Air 2014,4,4,0,0,0
4048151,4,4048,20151,Bangunan Air 2015,4,4,0,0,0
4048161,4,4048,20161,Bangunan Air 2016,4,4,0,0,0
4049141,4,4049,20141,Rekayasa Sungai 2014,2,2,0,0,0
4049151,4,4049,20151,Rekayasa Sungai 2015,2,2,0,0,0
4049161,4,4049,20161,Rekayasa Sungai 2016,2,2,0,0,0
4050142,4,4050,20142,Rekayasa Bangunan Te,2,2,0,1,2
4050152,4,4050,20152,Rekayasa Bangunan Te,2,2,0,1,2
4050162,4,4050,20162,Rekayasa Bangunan Te,2,2,0,1,2
4051142,4,4051,20142,Rekayasa Jalan Rel 2,3,3,2,2,2
4051152,4,4051,20152,Rekayasa Jalan Rel 2,3,3,2,2,2
4051162,4,4051,20162,Rekayasa Jalan Rel 2,3,3,2,2,2
4052142,4,4052,20142,Evaluasi & Pemelihar,4,4,0,0,0
4052152,4,4052,20152,Evaluasi & Pemelihar,4,4,0,0,0
4052162,4,4052,20162,Evaluasi & Pemelihar,4,4,0,0,0
4053142,4,4053,20142,Rekayasa Prasarana A,2,2,0,0,2
4053152,4,4053,20152,Rekayasa Prasarana A,2,2,0,0,2
4053162,4,4053,20162,Rekayasa Prasarana A,2,2,0,0,2
4054142,4,4054,20142,Metoda Numerik Lanju,2,2,0,0,0
4054152,4,4054,20152,Metoda Numerik Lanju,2,2,0,0,0
4054162,4,4054,20162,Metoda Numerik Lanju,2,2,0,0,0
4055142,4,4055,20142,Metodologi Penelitia,6,6,1,0,2
4055152,4,4055,20152,Metodologi Penelitia,6,6,1,0,2
4055162,4,4055,20162,Metodologi Penelitia,6,6,1,0,2
4056142,4,4056,20142,Analisis Rekayasa 20,2,2,0,0,2
4056152,4,4056,20152,Analisis Rekayasa 20,2,2,0,0,2
4056162,4,4056,20162,Analisis Rekayasa 20,2,2,0,0,2
4057141,4,4057,20141,Elastisitas dan Plas,3,3,0,2,0
4057151,4,4057,20151,Elastisitas dan Plas,3,3,0,2,0
4057161,4,4057,20161,Elastisitas dan Plas,3,3,0,2,0
4058141,4,4058,20141,Mekanika Bahan Lanju,3,3,0,0,0
4058151,4,4058,20151,Mekanika Bahan Lanju,3,3,0,0,0
4058161,4,4058,20161,Mekanika Bahan Lanju,3,3,0,0,0
4059141,4,4059,20141,Teknologi Beton Lanj,4,4,2,0,0
4059151,4,4059,20151,Teknologi Beton Lanj,4,4,2,0,0
4059161,4,4059,20161,Teknologi Beton Lanj,4,4,2,0,0
4060141,4,4060,20141,Perilaku Struktur Be,1,1,0,1,0
4060151,4,4060,20151,Perilaku Struktur Be,1,1,0,1,0
4060161,4,4060,20161,Perilaku Struktur Be,1,1,0,1,0
4061141,4,4061,20141,Mekanika Tanah Lanju,3,3,0,2,2
4061151,4,4061,20151,Mekanika Tanah Lanju,3,3,0,2,2
4061161,4,4061,20161,Mekanika Tanah Lanju,3,3,0,2,2
4062141,4,4062,20141,Penyelidikan Tanah L,2,2,0,0,0
4062151,4,4062,20151,Penyelidikan Tanah L,2,2,0,0,0
4062161,4,4062,20161,Penyelidikan Tanah L,2,2,0,0,0
4063141,4,4063,20141,Perilaku Tanah 2014,3,3,0,0,0
4063151,4,4063,20151,Perilaku Tanah 2015,3,3,0,0,0
4063161,4,4063,20161,Perilaku Tanah 2016,3,3,0,0,0
4064141,4,4064,20142,Mekanika Fluida Lanj,3,3,0,0,0
4064151,4,4064,20152,Mekanika Fluida Lanj,3,3,0,0,0
4064161,4,4064,20162,Mekanika Fluida Lanj,3,3,0,0,0
4065142,4,4065,20142,Perencanaan & Pengel,3,3,2,0,0
4065152,4,4065,20152,Perencanaan & Pengel,3,3,2,0,0
4065162,4,4065,20162,Perencanaan & Pengel,3,3,2,0,0
4066142,4,4066,20142,Kebijakan dan Perenc,4,4,0,1,0
4066152,4,4066,20152,Kebijakan dan Perenc,4,4,0,1,0
4066162,4,4066,20162,Kebijakan dan Perenc,4,4,0,1,0
4067142,4,4067,20142,Ekonomi Transportasi,3,3,0,2,0
4067152,4,4067,20152,Ekonomi Transportasi,3,3,0,2,0
4067162,4,4067,20162,Ekonomi Transportasi,3,3,0,2,0
4068142,4,4068,20142,Rekayasa Infrastrukt,4,4,0,0,1
4068152,4,4068,20152,Rekayasa Infrastrukt,4,4,0,0,1
4068162,4,4068,20162,Rekayasa Infrastrukt,4,4,0,0,1
4069142,4,4069,20142,Produktivitas Konstr,3,3,0,0,0
4069152,4,4069,20152,Produktivitas Konstr,3,3,0,0,0
4069162,4,4069,20162,Produktivitas Konstr,3,3,0,0,0
4070142,4,4070,20142,Sistem Perencanaan d,4,4,0,1,0
4070152,4,4070,20152,Sistem Perencanaan d,4,4,0,1,0
4070162,4,4070,20162,Sistem Perencanaan d,4,4,0,1,0
